"","Cavity","Muscle","Cartilage","Jaw and tooth","Liver","Brain","Spinal cord","Connective tissue","GI track","Heart","Dorsal root ganglia","Lung","Olfactory epithelium"
"Aff4(+)",-1.25137661429951,-0.0256287766382779,0.693825418967285,-0.495661130686056,-1.68963007045649,1.57361126973796,-0.638237920544749,-0.0298930165019065,0.749871874938605,-0.563358283118017,0.769514187814513,-0.567267988728539,1.47423104951518
"Alx1(+)",-0.203694959168467,0.447657930976757,0.879374093589849,2.74866288441874,-0.924630720281672,-1.11217869712193,-0.756569925561027,-0.340847930641423,0.0831485654318265,0.0692944167693981,-0.706412170156613,-0.33845811603572,0.154654627780277
"Alx3(+)",0.076012012787748,0.0761182034138416,-0.100992123978271,3.20966794820003,-0.459245848958317,-0.320969002954721,-0.517219639288914,-0.230971243281922,0.244417828685843,-0.437044106998323,-0.507160767069922,-0.502816225454613,-0.529797035102464
"Alx4(+)",0.118877220296758,0.883413453298997,0.514650896417955,2.4011326423468,-0.799612701422807,-1.36621280182004,-1.25548496773225,0.380951079764111,0.328602512430031,-0.194939575645187,-0.88914084908382,-0.017313121366509,-0.104923787484035
"Arid3a(+)",0.860536302293172,0.0106431652007033,-0.315731507112079,-0.488212466031081,-0.68407557534654,-1.05489889993824,-0.786289748765967,2.38559361862753,-0.569298884458822,0.777169179226901,0.830598189826895,0.204969464793306,-1.17100283831577
"Arid5b(+)",0.0468173785721701,1.0693692461349,0.574325391156609,2.19556693693982,-0.823609202392384,-1.83664512739897,-0.887033798883062,-0.0364845067673448,0.366128376619509,-0.121816196026628,-0.803764974848756,0.263010460323359,-0.00586398342921618
"Arnt(+)",-0.0152451855739561,-0.665597998631169,-0.0782173759235563,-0.623901520440756,1.18840284849817,0.231832154031138,-2.0123534881068,-0.105523210998916,-0.13855162588579,-0.917265481805005,1.76326695349217,0.0856743486424671,1.287479582702
"Arx(+)",-0.168703012942309,-0.857082303300906,-0.417683637260514,-0.243375364680548,-0.865887254376613,2.36692816273998,1.69957398188011,-0.2344986897174,-0.525070097582684,-0.381219311875483,0.0582887000395503,-0.987058056197092,0.55578688327391
"Atf4(+)",0.648029846267129,-0.577193793659948,-0.408611018512794,-0.620748945714633,2.51865266612544,-0.53487505564048,-0.485911697966932,1.60454732680379,-0.620748945714633,0.0303198337887156,-0.311962324346386,-0.620748945714633,-0.620748945714633
"Atf6(+)",-0.137172867900048,-0.36700734071138,-0.376543406892483,-0.377763213998859,3.26768795498056,-0.371944400542526,-0.317784140381619,0.27745184748809,-0.362802006479861,-0.105607216690524,-0.356034153032223,-0.387609508374322,-0.384871547464811
"Atf7(+)",0.638089755586669,1.89796953140907,0.276917956367949,0.29217085759687,-0.680972053940399,-1.53345001958689,-1.46114684926451,0.0402192552203934,-0.12465649262777,-0.861015498602334,1.26903643187048,0.612776036548485,-0.365938910578006
"Bach1(+)",-0.0287881269431964,-0.624921221777351,-0.552498224966415,-0.726925327238847,0.332876730708956,0.988925824722681,0.488577147282437,-0.284089798249325,-0.640885086100847,-0.424131784727467,2.80669121399012,-0.605167194570758,-0.729664152129989
"Bach2(+)",-0.512017277079669,-0.500624321979323,-0.652768098691885,-0.0389125646834272,-0.616547141512644,1.17307151315153,2.41903908493479,-0.826962409018581,-0.864329843110304,-0.572003914741086,1.07365979018186,-0.559174654543459,0.477569837092197
"Barhl1(+)",-0.486261703072212,-0.0269068996318673,-0.349876602546631,0.0610564936917872,-0.746968273504292,1.93895277708855,2.02498684839829,-0.410595886816203,-1.12795935854992,0.28981746395268,0.0468626901471996,-1.29783023844708,0.0847226892896964
"Barx1(+)",-0.0757272455874003,-0.708914208766082,-0.676328937587656,-0.0410964561312814,-0.323405429520106,-0.765757547202527,-0.474493017488613,-0.248246742482841,2.4017480211442,-0.40184938327414,-0.510044657587212,1.96113587624759,-0.137020271763932
"Bcl11a(+)",-0.472126847380133,-0.57208539415983,-0.497229513106385,0.10903725912911,-0.324249131898194,1.15293495874412,2.67844500777912,-0.70003770261216,-0.964900870391522,-0.587787500750897,0.377975323546713,-0.671294615157365,0.471319026257425
"Bcl6(+)",-0.130208426503668,-0.404275129848423,-0.357653184375532,-0.291843368331344,-0.363236196790624,-0.358993428486587,-0.255358103231491,-0.324619762339685,-0.327375081297371,-0.408907704796581,0.1265553314705,-0.197375570816776,3.29329062534758
"Bclaf1(+)",0.260983267217937,0.177421400200388,0.474395236045557,-0.39060555377886,0.928022879179168,-0.524616176438381,-2.66240817463193,0.569515219506288,1.1560177173932,0.0198640595726228,-0.921684179666416,0.886912402102476,0.0261819032979617
"Bptf(+)",0.0309176738642087,0.230047118147263,0.500688872854546,-0.30762244169955,0.710746376447648,-0.330570585823737,-2.77338700732622,0.434934231560936,1.25913987452711,-0.125434236744127,-0.777178048225421,0.92150812844739,0.226210043969955
"Brca1(+)",0.286877853922624,0.0672692714835312,0.178689498947061,-0.71478705014356,2.19617900661372,-0.171704807955437,-1.63765224536184,0.173660868606736,1.03686806034589,-0.0109857774827965,-1.20816639490056,0.692900174790036,-0.889148458865414
"Chd2(+)",0.03322441864279,0.46856035940924,0.774214294412223,0.0774147231006996,0.310103100737709,-1.07748785559337,-2.55942116729751,0.461275801864244,1.22137509569691,-0.0211877714713951,-0.83388437216732,0.966211333428151,0.179602039237625
"Clock(+)",-0.27573016529073,-0.82544072886059,-0.918557111756961,-0.311367423939282,-0.0873639620233917,0.832167342358076,2.29952064890822,-0.467160670769928,-0.864726832190123,-0.8439264763627,1.57826148742852,-0.320697511237661,0.205021403736555
"Creb1(+)",-0.370682932572158,0.221052515707109,0.521819368433028,-0.280491588370869,0.58158016157975,0.057323776846549,-2.80526604801267,0.381294727382713,1.50376458133875,-0.471232736793796,-0.257223440758911,0.719207213075355,0.198854402145148
"Crem(+)",3.07675682195665,-0.421395039074742,-0.190564202715429,-0.580080930768009,-0.107892304766448,-0.391616072581198,-0.0845790313842225,0.754044725514687,-0.658968436623646,0.0991355478567652,-0.377225324202845,-0.433218404151549,-0.684397349060016
"Dbx1(+)",0.395109475632715,-0.332140536158066,-0.355993111274628,-0.544526651535319,-0.381566639719302,3.12210047411846,0.227170117828207,0.0239183380426315,-0.654160030008806,-0.419131101408651,-0.528764097295019,0.129885535301332,-0.681901773523552
"Dbx2(+)",2.43542434253648,0.120969150432166,-0.55569885449409,-0.724426162353902,-0.569337367472588,1.06878150974484,-0.498116078332503,1.19170759148069,-0.449508609808763,-0.457013325306311,0.22940309321377,-0.805965831384377,-0.986219458255409
"Dlx1(+)",-0.197409807203508,-0.77353661039304,-0.392600273461689,-0.021361956106572,0.0151277714770346,2.54789094624198,1.63118557358981,-0.60244473414629,-0.95616437033978,-0.565654683680832,-0.281994634345842,-0.587160943050755,0.184123721419481
"Dlx5(+)",-0.0713637306870052,-0.220835463519087,1.34071168738267,2.40702375673628,-0.694855884288558,-0.756610818584828,-0.142371869022719,-0.727076466517629,-0.757395342875474,-0.816793148505129,0.0107848964850129,-0.627579983827524,1.05636236722399
"Dmbx1(+)",0.666418771332697,-0.726824842659693,-0.658157581592024,-0.587176052481738,-0.502594801150146,2.97107745819652,-0.62981472599132,-0.172192886632663,0.22468577342399,-0.424741728656256,-0.633159690726635,0.241011287511921,0.231469019425346
"E2f1(+)",0.0397252477598642,-0.0865827588088445,-0.0101533347129939,0.00214296253291543,3.19519595840502,-0.500543170510568,-0.831188325490885,-0.184249497390889,-0.0767555887068831,-0.651025917241468,-0.191781459495268,-0.566060541284656,-0.138723575055341
"E2f3(+)",0.347723635533419,0.325431511690743,0.502445645449912,-0.278314420762542,0.939424158199558,-1.1425558224268,-2.19159815778581,0.51431072731245,1.20021077789182,0.31252609206902,-1.19070865066561,1.04231322026567,-0.38120871677184
"E2f6(+)",3.22292820613954,-0.396225822299258,-0.399235115295395,-0.422786927105363,-0.422786927105363,-0.316674158053973,0.274392370802838,-0.174596776369959,-0.422786927105363,-0.358066873477971,0.261412804080995,-0.422786927105363,-0.422786927105363
"E2f7(+)",0.284188449106102,0.0237224244801066,0.228596874130483,-0.70673596526677,2.30229919696641,0.109709016343047,-1.54818387725048,0.154863174295073,0.594728925129279,0.415230435953883,-1.34169689323411,0.507699914829254,-1.02442167548228
"E2f8(+)",0.105023228319439,-0.11669460753403,-0.392891415701447,-0.550990569852279,2.93373170938368,-0.498941054529566,-0.616099389732947,1.13051866284029,-0.346693294218914,-0.0311772258321259,-0.484493263370955,-0.501577149254883,-0.629715630516264
"E4f1(+)",3.08046444624856,-0.476988186012826,-0.476988186012826,-0.476988186012826,-0.476988186012826,0.06724053621692,-0.34595596276752,0.668530192294331,-0.476988186012826,-0.476988186012826,0.345626276110322,-0.476988186012826,-0.476988186012826
"Ebf1(+)",-0.208773838254281,-0.390584834749373,-0.447486837076944,-0.456809655548956,-0.373994035539358,0.189093067663727,1.38271370322849,-0.336157543515657,-0.782404753757289,-0.366105058626787,2.77843959339638,-0.84072944601955,-0.147200361200412
"Ebf4(+)",0.473114833546845,-0.997925570184065,-1.00179586290587,-0.864047813587966,-0.414761183625888,-0.284100217884793,0.777800649174347,-0.432213455066463,1.81131061269196,-0.314118559989267,-0.730596721901174,-0.0402647417998704,2.01759803153221
"Elf1(+)",-0.125901987507913,-0.296036406487882,-0.489836080775582,-0.333234130529483,2.64555190413599,-1.30717476207722,-1.40926753334008,0.102224640505649,0.0412324335433457,0.526363654069127,-0.303791859349747,0.376914054706772,0.572956073107028
"Elf2(+)",-0.106477450797354,-0.565480007416407,-0.24076062845124,-1.31079360944519,1.31098389810422,1.85602774332216,-2.06071771619518,0.233700728037825,0.501169375239293,-0.130047859652381,0.384345730480461,0.0189980093655269,0.109051787408285
"Elf4(+)",-0.0904294231987344,-0.848297126199267,0.00490460041326517,0.111037217845501,-0.693442323810756,-0.0410387049978936,0.684346669598687,-0.210155219795864,0.135245203992362,2.93814281147619,-0.963980128924272,-0.232180370310321,-0.794153206088895
"Elk1(+)",-0.0585819131276262,-0.385126880892237,-0.383896690683296,-0.360509676159287,-0.323407675525139,-0.389812923658558,-0.359325002004863,-0.316189556794334,-0.396327155387492,-0.323496256530745,-0.296146094274447,0.333252382110718,3.2595674429273
"Elk3(+)",0.0645968697598194,0.754506811905175,1.18879174414711,0.549763395866899,-0.649712600998217,-1.6963153824751,-1.72174504691783,0.708852582317462,1.16316176751871,0.317690073534455,-0.660017395710059,0.716472494621468,-0.736045313569889
"Elk4(+)",0.32620590359633,-0.488366403787759,-0.370362553049499,-0.517588895716418,-0.257079061218938,-0.476296565126151,-0.389081961037636,0.916415997270096,-0.473812558857137,3.02586423078308,-0.305826561392473,-0.464484711380959,-0.525586860082531
"Emx2(+)",-0.299528606085733,0.734890631208321,0.665251364758959,0.944685866499695,-1.49432190752708,0.999960485487205,-0.600733183622645,-0.683204235923683,-0.310926031225782,0.259841823307159,-0.756386273656081,-1.3254299340029,1.86590000078256
"En1(+)",0.181734410050589,-0.49173848522843,-0.725811959556603,0.264474045349577,-0.681396168828526,2.16225406518879,0.743234896103912,0.159486776424789,-0.684104778946257,-0.325467867934172,-1.17228180138966,-0.999818715609119,1.56943558437511
"En2(+)",-0.301047513073999,-0.506127350304287,-0.572970625868898,0.345663527321535,-0.487826492615651,1.51223249157344,0.727179987370768,-0.504767876204789,-0.79727619184598,-0.683600879935248,-0.604679964683842,-0.592106035895679,2.46532692416263
"Ep300(+)",-0.156312819209806,-0.773861402860093,-0.263382032059704,-1.52010279112681,-0.0306102059451547,2.44803871847284,-0.510529906791673,0.245712491353037,0.200192236654713,-0.77148444586649,1.20909329194534,-0.577662661593937,0.500909527027726
"Erf(+)",0.690805282816397,-0.0749751602464882,-0.530406435434225,-0.659956273414858,2.01775034218224,-0.897170069094441,-1.11174362031217,0.552391926116869,1.48336723064024,0.72684225347524,-0.563896871538917,-0.854818705840793,-0.7781898993491
"Erg(+)",-0.104917413782236,0.244787606870139,2.33100504727527,1.77222124813899,-0.704350759856812,-1.11650891521606,-0.942894440004511,-0.115399453450781,-0.245201642504945,-0.320779648092078,-0.737176903066908,-0.00442155738100528,-0.0563631689290694
"Esr1(+)",1.78832762772359,1.60260516242674,-0.595680083056434,-0.804117915692939,-0.273316400734832,-0.804117915692939,-0.804117915692939,1.48189839508126,0.482100931647125,-0.804117915692939,-0.101794028967072,-0.363552025655679,-0.804117915692939
"Esrra(+)",-0.137412472783541,0.820138905212789,-0.362779936652974,-0.282355155811601,-0.340143013492948,-0.486572321294965,-0.246127947151805,-0.257926030826043,-0.361869105501991,3.12507466595314,-0.477529750370441,-0.496158052976824,-0.496339784302793
"Ets1(+)",0.242080098356816,0.649910885123317,0.384107021822668,0.045837553004676,-0.465908371077994,-1.65848759444334,-1.56582596846897,1.19788016712978,1.40066051133966,0.855608093518255,-0.484548209057278,0.537645593920433,-1.13895978116802
"Ets2(+)",0.331958219541062,-0.168625385833149,1.14637905580229,1.45663252024131,-0.94759925774312,-1.22756263534037,-1.72097348227554,0.828536248785548,0.502081121584979,0.952986538835299,-0.675600204838657,0.327145084274547,-0.805357823034198
"Etv1(+)",-0.280807573080948,-0.835790956404639,-0.855026144839442,-0.647015269857956,-0.73472342400054,-0.112846381952518,-0.00176308811289581,-0.0651674288775392,-0.156522011571441,-0.708015503300166,2.52064049290455,0.277061420484045,1.59997586860949
"Etv3(+)",2.73449702448301,-0.647563296051345,-0.197187285069623,-0.720556984125205,0.307108607654535,-0.646978096905714,-0.0966292373909331,1.15771872152448,-0.698008599696815,0.375361097698368,-0.126647983870348,-0.720556984125205,-0.720556984125205
"Etv4(+)",0.0582232394341675,0.0475758788525543,-0.148126540747103,0.118658469852587,-0.75680663266166,-0.995667394839618,2.8253969145638,-0.265396792501986,-0.476078290952162,-0.72067330435312,1.06004064549128,-0.683485846601612,-0.0636603455371256
"Etv5(+)",0.197738865938569,-0.214775279865676,-0.63214679626838,-0.577093497421298,-0.873929172244809,0.953658138071724,-0.586873867174459,-0.37714256848886,-0.605312030949427,-0.161011399000436,-0.784674491369239,2.64031519428041,1.02124690449188
"Etv6(+)",0.148125141928405,0.481430015456225,0.66535472057988,0.169687780107315,0.444482362290354,-1.38515167093478,-2.37944784888466,0.512021054027036,1.06700667618066,0.377222104810928,-0.941852748040085,1.01764414422689,-0.176521731748177
"Fli1(+)",0.0448990221730176,0.894181045601309,1.59828159417327,0.883929734782345,-0.621246975041203,-1.61706795018229,-1.66295352275426,0.544521574864601,0.813626742883488,0.105944152064949,-0.70462382563625,0.403875685058353,-0.683367277987325
"Fosl2(+)",0.274963922308413,-0.0205487634663809,0.0139585985373205,1.04907710948709,-0.563629142365199,-1.69819095993659,-1.53935630835228,1.43791943156881,0.581216599881049,0.762206645792898,-0.738791958439665,1.12129591293004,-0.680121087945506
"Foxa1(+)",-0.0562573465676907,-0.926058161269677,-0.694235584187436,-0.799946139086757,-0.658360099582955,1.36913675242148,2.59758239823606,-0.258857774213538,-0.733273161288642,-0.0554053166770638,0.445407947160183,-0.369251435804214,0.139517920860248
"Foxa2(+)",0.0712631193116902,-0.84328850195428,0.217728835440641,0.380568978517844,-0.823527252934299,1.22700212662632,2.54704030675805,0.10408153021167,-0.702727543008951,-0.36482256697865,-0.409241479516992,-1.26304316683253,-0.141034385640501
"Foxc1(+)",-0.0357302202741619,0.45684237856014,2.53983064467595,1.0308029362218,-0.855080549244284,-1.0536205299956,-0.889124887656229,0.406909971911501,0.264726416772265,-0.798360030003094,-0.694788261241086,0.145302389071448,-0.517710258798659
"Foxc2(+)",2.1101325511915,-0.554554025154293,1.48199489558581,-0.554554025154293,-0.554554025154293,-0.526866529044629,-0.554554025154293,-0.554554025154293,-0.554554025154293,1.60022948707088,-0.229058203569215,-0.554554025154293,-0.554554025154293
"Foxd1(+)",1.13857799212535,-0.34752039834788,0.862526437181478,-0.203860981978563,-0.774328528445529,-0.85583990798042,-0.846625810398232,1.0252799430557,-0.057723095934645,2.23237844783347,-0.450398473730829,-0.751256577687053,-0.971209045692847
"Foxf1(+)",0.0652150925919139,-0.344002984828738,1.12428389001483,-0.200001628648062,-0.623746796091088,-0.617996611374781,-1.09044903743273,-0.0286904911228855,1.2856226544896,-0.564130805127238,-0.494440604961253,2.37042159619585,-0.882084273705423
"Foxf2(+)",0.0717288817993661,-0.348277633350779,1.43801065199115,0.936904691951382,-0.712761281526352,-0.640290552866031,-1.13087239279102,-0.41052483951968,0.907216901903443,-0.890197159003198,-0.686282094617331,2.03697196439003,-0.57162713836098
"Foxg1(+)",-0.769545879807633,-0.555343378617914,0.119884357418555,0.484919490110887,-0.322473715322374,2.63213237030704,0.220654483365009,-0.323781255547377,-1.21642448753073,-0.256651847863224,-0.255775327520583,-0.884749944114428,1.12715513512276
"Foxj2(+)",0.2972086456362,-0.408573320108139,-0.427844871005817,-0.389197518737815,-0.199071895035099,-0.33762893106884,-0.37659919204037,-0.173397248604282,-0.323786666057467,-0.122787635179858,-0.319435766554041,3.26077643547743,-0.4796620367219
"Foxj3(+)",2.25641658833262,-0.666450886518047,-0.667932687075112,-0.22906484361506,-0.0186772810931672,0.151610879472685,1.26663181440933,0.623175977619711,-0.873094351919526,0.0407878858275067,-0.579547587310265,0.348055012978844,-1.65191052110952
"Foxo1(+)",0.1894402181915,1.78351216255003,0.0135011966249451,0.53349334982878,-0.503454605925242,-1.20772716143988,-1.63551334059343,0.370343119584324,0.162216549047837,1.72458342580183,-0.869345685901088,-0.106430182561306,-0.45461904520831
"Foxo3(+)",-0.174959239137245,-0.410936007960351,-0.371249560590341,-0.29750253885479,3.21958476005698,-0.459207941646629,-0.434955133918524,0.521536572124278,-0.381657701690883,-0.275167930432321,-0.325804824894418,-0.412121718754759,-0.197558734300997
"Foxo6(+)",-0.0796831503670987,-0.593952950428029,-0.595027038665104,-0.475327677889552,-0.172880592279725,0.980103316254629,2.83793404418004,-0.448734109293096,-0.682520183460464,-0.446007303670968,0.748933084519778,-0.452730027157714,-0.620107411742698
"Foxp1(+)",-0.331057439516337,0.19523671613539,0.386674068646043,0.253916778804396,-0.884357215523612,-1.15072692653349,-1.81462675268963,0.0995072938466651,1.34854326773447,-0.34647101315687,-0.564359699874478,1.28037044879563,1.52735047333182
"Foxp4(+)",-0.185833985722154,0.395218391333296,2.49039233425322,0.27973525124953,-0.289341133058065,-0.797993019396641,-1.63023967456314,0.251930229375992,0.882961336620062,-0.365282590281544,-0.687631977673335,0.394731190438226,-0.738646352575445
"Gabpa(+)",0.7040482703141,-0.310012851275079,-0.00766751774792564,-0.700160038102592,1.90296874153241,-0.782009888467774,-1.21175744787121,1.77545339510082,0.281054123279841,0.568398287780681,-0.630466659192167,-0.81879462614519,-0.771053789205913
"Gabpb1(+)",0.634581975702819,-0.117089852633915,0.872001342663132,-0.830681811363037,1.57849832558365,-0.563897157444454,-1.96976351445697,0.687505878617485,1.237676058383,0.169930986529066,-0.959667284651202,-0.0408402086162962,-0.698254738313273
"Gata1(+)",-0.126055691688883,-0.394000533349987,-0.338791123962343,-0.399533548068929,3.17569031172408,-0.435715398471722,-0.482257474652267,0.661121974542866,-0.259379409252501,-0.17318751298836,-0.40003752486757,-0.343276962197609,-0.484577106766781
"Gata2(+)",-0.0157089913321235,-0.630080597195251,-0.827848417127651,-0.390175168431757,-0.317093930136865,1.05163113487768,2.62619506743726,-0.461059139871465,-0.869100498285524,-0.526502048255272,0.557923788582636,-0.8358987186024,0.637717518340732
"Gata3(+)",-0.0189277549261773,-0.702718165468083,-0.7967418690078,-0.112084825620326,-0.0254414170883984,1.1332568458512,2.7927935438463,-0.213453120074368,-0.830599083508281,0.161323806079025,-0.000356599907726717,-0.852295758630246,-0.534755601545119
"Gata4(+)",-0.22638159776483,-0.0562633420005377,-0.336267106431519,-0.273972348507205,-0.142380698882841,-0.572533877376175,-0.396138281830095,-0.149988718546645,-0.171620887385077,3.27140610554651,-0.52097696617434,0.0490247502468461,-0.473907030894091
"Gata6(+)",-0.0565905022285179,0.0746646006768183,-0.255083171829802,-0.197667439270734,-0.2731315539197,-1.07014693487137,-1.01637954838311,0.725301428045642,0.356762647906138,2.83275650085508,-0.63237671032459,0.223579482408843,-0.711688799064697
"Gatad1(+)",0.235826182107433,-0.328159566729009,-0.178562589371842,-0.682604536580992,-0.282294240480038,-0.226763609313633,-0.652895708603863,0.301136252064422,0.0434331359963626,3.14766354065077,-0.294998190688911,-0.307464441944189,-0.774316227106508
"Gbx1(+)",-0.174940214701139,-0.422435707733025,-0.618530113768009,-0.161534040055835,-0.141572374164405,0.342970623158095,3.03594963038995,-0.590427500231744,-0.773311800572154,-0.515422116074382,0.462726391723902,-0.723176318072683,0.279703540101425
"Gli1(+)",2.6504520479612,-0.46528853578408,0.579171851194457,-0.740007168082059,-0.361016004959395,-0.5828087822264,-0.849867303154159,1.08003460660334,0.184860937061854,0.194945986037867,0.00925697165569265,-0.849867303154159,-0.849867303154159
"Grhl2(+)",-0.106549082241261,-0.392593873295,-0.389123839088689,-0.253234921848172,-0.373219191399876,-0.401569134534716,-0.397721185286551,-0.358845055924675,-0.386673335387837,-0.339280756801374,-0.367959614216081,0.553503468502434,3.2132665215218
"Gtf2ird1(+)",0.0603837900182842,-0.0772141860578089,-0.946223198615536,1.00511010671328,-0.847734508905645,-0.416786039202786,0.491322192374514,-0.703985427474344,-1.6862160647425,-0.246142275292696,0.556956481869645,0.601585036632173,2.20894409268342
"Gtf3c2(+)",0.326018609289059,1.01702829416365,-0.116370058295012,0.901001528335677,-0.785445362479133,-1.35041497918705,0.83907194877693,1.70204088566363,0.459832108387152,-0.730274292767248,-1.50299132417839,-0.971501362105685,0.212004004396429
"Hand1(+)",-0.216321071727137,-0.471194432063008,-0.528117796487351,-0.37895665550663,-0.399613319205743,-0.677227782687329,-0.672986996302749,0.233040837787476,-0.0121909687616486,3.06050607819957,-0.548003994503816,0.711280078430473,-0.100213977172106
"Hand2(+)",-0.293576109690007,0.224616576479662,-0.209215984311448,-0.603348484014428,-0.0242309793566842,-0.808445419714959,-0.779659864549381,0.56444803654147,0.219918471457505,2.93873143337939,-0.71351817352954,0.265742891154771,-0.781462393846348
"Hcfc1(+)",0.487356488982391,0.0748423158983293,0.319435562804398,-1.15396503446595,0.992074461574893,-0.508052618920503,-1.89112421827509,1.02715962948917,1.21003450580279,1.30280581846923,-0.666849076673161,-0.341109376592214,-0.852608458094295
"Hdac2(+)",0.172065640697958,-1.021513173238,-0.705665881937994,-1.08119502047228,0.160927483410987,1.95071441893724,1.24467216418695,0.0847424444015729,-0.672691094580556,-0.628761544747762,1.50123693638466,-0.867145202993128,-0.137387170049638
"Hdx(+)",2.68587616376981,-0.586012421806,-0.650331729375296,-0.729841173583733,-0.315493074816443,-0.292095715804051,-0.365406633773674,1.50791707422959,-0.657510656665382,-0.0164494290062844,-0.641904688118262,-0.124871577938645,0.186123862888371
"Hes1(+)",2.00941524823271,-0.721505879053962,-0.721505879053962,-0.571938867596492,0.43350887678279,-0.721505879053962,0.10791629613744,-0.721505879053962,-0.721505879053962,0.536929760747199,-0.721505879053962,1.99747047559783,-0.184266515577713
"Hes5(+)",0.149906814491669,-0.0346650636227334,-0.276502867443495,-0.181519505058654,-0.357868384586178,3.12007403554329,-0.436137153823953,0.253809544564227,-0.545507697220117,-0.133645805380878,0.0331955722693336,-1.08449206242137,-0.506647427311133
"Hif1a(+)",-0.223689100596883,-0.0632597809262771,-0.0661743098639978,-0.391803179236383,-0.112946460926886,-0.568344392015069,-1.08608802982302,0.0906591698189099,0.112318110435276,3.12136487430137,-0.557569174347082,0.16060266888303,-0.415070395702987
"Hif3a(+)",-0.127040981484618,-0.358299632553309,-0.335485205234715,-0.292700856171545,-0.260829570440432,-0.322494186971499,-0.348908066886828,-0.29485398134929,-0.358299632553309,3.30364571879226,-0.317318033696904,-0.358299632553309,0.0708840611035001
"Hivep2(+)",-0.314424043160928,-0.109818119810333,-0.669130588773124,-0.0393708895975266,-0.515619858403512,0.445869926714346,2.68380178009226,-0.670239206481438,-1.12032476353803,-0.0600394737220908,1.17330863484309,-0.828920643684516,0.024907245521802
"Hltf(+)",3.30706281355871,-0.107027972659839,-0.352706869917433,-0.199797389081821,-0.0693084842149434,-0.352706869917433,-0.109274008262638,-0.352706869917433,-0.352706869917433,-0.352706869917433,-0.352706869917433,-0.352706869917433,-0.352706869917433
"Hmbox1(+)",1.8712386111655,-0.64879937489743,-0.884022406765063,-0.569253225320585,-0.163053057654515,-0.428841249744984,1.93719572223907,0.847161425140309,0.0118490726282349,-0.535056865562199,0.324877383683925,-0.466616874221265,-1.29667916069101
"Hmga2(+)",-0.0115646017913646,0.893368268458069,1.05350739313432,0.333947311710353,-0.479359100055683,-1.51742194370265,-1.81506276052646,0.505309578023025,1.4998383507815,0.0499382624511723,-0.795139690402972,0.83917949758479,-0.556540565664105
"Hnf4g(+)",0.0539457703636565,-0.725748625387307,-0.198781766470947,-0.800192956733061,-0.040046786202555,-0.496535586611058,0.533909849073501,-0.250367122004046,0.22493261341534,0.695578553070801,-0.962002943562543,2.82704701149536,-0.861738010447143
"Hoxa10(+)",-0.0169454431851546,1.11163005853218,1.35249978207895,0.648179875927675,-0.963569317762289,-1.56378060574738,-1.3686626089606,0.382082610443688,1.42668745851041,-0.305319516631323,-0.785663775577968,0.472789576167991,-0.389928093796188
"Hoxa13(+)",0.00879720344753912,-0.231424906493664,0.393547449740241,0.536154803530803,1.97810408035543,-1.30291049596937,-1.52338069188525,0.0390002440053145,-0.11037866266186,-0.710722972313408,-0.356468241404594,-0.386845039231474,1.66652722888029
"Hoxa2(+)",-0.0577164946554784,-1.02074012992919,-0.896532398352799,-0.521316083692792,-0.532747701930566,1.17803310940723,2.74932315944246,-0.0402704313230766,-0.0603662143711679,-0.613102193220465,0.314301955201833,-0.39856058408076,-0.100305992495231
"Hoxa3(+)",-0.414848580446811,0.364668957827842,0.331212583781763,-0.534868326139168,-1.20687958911323,-0.652593166095801,2.58147377271154,-0.481342872249178,0.976312097670789,-1.00932494871582,0.566798924787331,-0.0454820039716961,-0.475126850047552
"Hoxa4(+)",0.152178517631579,-0.514592759360212,-1.01333617610393,-0.673075226084677,-0.794695443862482,-0.325589138904125,2.31618139972721,-0.0233927939673581,1.47279406852711,-0.940521747954163,-0.714924996312068,0.485735963297148,0.57323833336597
"Hoxa5(+)",-0.410553087671234,0.681698225603516,0.0605855119697415,-0.790804569670096,-1.19011655530264,-1.15277247002531,1.5560367496258,-0.280594726256149,2.11820696891474,-0.788885431107151,0.358349945573028,0.267207157252652,-0.428357718906904
"Hoxa7(+)",0.875606871147422,1.91414835374416,0.634658866218791,0.316623556164559,-0.900395045341223,-0.121538019294624,0.415524385743831,-0.322358264129442,0.978304614884034,-0.775248781653433,-0.095351475608811,-1.20120329357562,-1.71877176829964
"Hoxa9(+)",-0.0842145388281661,1.1479707147723,1.70310228067464,0.246133155826105,-0.815192732381169,-1.46557668590326,-1.20691055756852,0.158017291749402,1.56591891507176,-0.500752118262609,-0.59770470009567,0.341977738488784,-0.492768763543584
"Hoxb3(+)",-0.15376767890502,-0.451060095665478,-0.724987798986044,-0.282336396947833,-0.498301445852851,0.209636369446002,2.84193558873902,-0.374668578916314,-0.589327085820296,-0.408186108789974,1.30421954745092,-0.612988264003327,-0.2601680517488
"Hoxb4(+)",-0.176008167829115,-0.559139385388383,-1.02708467854819,-0.619476128033974,-0.695148118368048,-0.0273143170857929,2.86197559193344,-0.428527672158703,0.390425275319999,-0.543022797435575,0.948626791072908,-0.0170234891603004,-0.108282904318257
"Hoxb5(+)",-0.0745163809327153,-0.46211917442426,-0.819769379182271,-0.214253677070207,-0.159114288812248,0.0291572385319933,2.99421592205313,-0.494332200119031,-0.724196520319347,-0.353668702626911,0.908713050289999,-0.591898435862227,-0.0382174515259048
"Hoxb6(+)",-0.102892350067235,-0.301778066231034,-0.362107229389547,-0.260363560506703,-0.0790996047139809,-0.678115808211118,3.08789847031421,-0.947455104677541,-0.538189076734876,-0.538851851949729,0.417378376223758,0.140523932074965,0.163051873868835
"Hoxb8(+)",0.0145488537573317,-0.468699010044077,-0.678179707566016,-0.671961895585193,-0.474325826061943,-0.200446271752488,1.27165597106279,-0.0335492801447187,-0.326700257001539,-0.248880294089239,2.8733121646272,-0.49471576934464,-0.562058677857465
"Hoxb9(+)",-0.071913669470206,-0.585414047198071,-0.913850007676179,-0.187610216264384,-0.596729627980123,-0.194285455093012,2.47006381675679,-0.473772976080108,-0.684374139942896,-0.238594800476996,1.51528393288687,-0.806851892225669,0.768049082763985
"Hoxc10(+)",0.0855577171012935,1.90475218536864,1.46108246139728,0.201408778262291,-0.835809918374233,-1.08640183259901,-1.07192004956376,0.0467642771572985,1.19411082131852,-0.460513347599273,-1.04687243299322,0.22130274201576,-0.613461401491581
"Hoxc11(+)",0.555984301652853,0.86698520082975,1.94832677225038,1.75747606729136,-0.431420505812673,-0.921481656531924,-0.91677284183638,-0.356878166363007,-0.570340027859886,-0.764188654501182,-0.586539743541695,0.270344943133288,-0.851495688710879
"Hoxc12(+)",-0.00236154604821731,-0.124845857456936,0.840636531342467,0.537172738676496,-0.817433302004445,-0.920430728691797,-0.243941190042195,0.0941255383942786,0.229794037838214,-0.939973804700204,-0.825754308780879,2.733656543464,-0.560644651990786
"Hoxc4(+)",-0.193522673595704,0.551668822269129,-0.128593273659891,-0.276364551606304,-1.21452930429916,0.0162322096232636,2.76273194882502,-0.335727518377413,0.0864726153014883,-0.938658625363512,0.856156955697906,-0.692555397036665,-0.493311207778149
"Hoxc5(+)",-0.289034812320189,2.09386973649603,1.24847563492972,0.432403102543297,-1.38127405703391,-0.657339617374195,0.245074395564039,0.246948218598281,0.941421734798378,-0.876227577507408,-1.10217317733737,-0.293465650811331,-0.608677930545343
"Hoxc8(+)",0.327921709327271,0.334674621403715,-0.476467386277825,-0.458876344926773,-0.773338176560351,0.0848712856174173,2.92370751219289,-0.32505078547239,0.229407182256581,-0.895428689578724,0.412855863495258,-0.467514705249367,-0.916762086227705
"Hoxc9(+)",0.100609130006902,1.84787907129033,0.978025050670455,0.0826285956546626,-1.02819164395532,-1.03169320218304,-0.746307954983864,0.587004277881186,1.45210915182015,-0.66664523277893,-0.0241265926647972,-0.13071453025046,-1.42057612050727
"Hoxd10(+)",-0.67724511183352,0.255583645154704,0.428676097636812,0.305413395962783,-1.17588340657683,-1.93423362645035,1.71805478665698,0.244827970822096,0.781688306627397,0.188085756786451,-0.915687072461845,1.18838972599952,-0.407670468324209
"Hoxd11(+)",-0.0147548854812909,1.33206274053358,1.0937571006807,1.69103614305376,-1.58894903741305,-1.06262612577006,-0.0797502770447726,0.132161124031125,0.799492862019257,-0.295600578770405,-1.1728806214981,-0.561492085062963,-0.272456359277792
"Hoxd3(+)",-0.0879302917846726,-0.378010016624939,-0.844552665676945,-0.679630391795486,-0.764390915564838,0.857649141693171,2.91105336546984,-0.42025990179087,-0.00306449793808634,-0.584914254452153,0.47403736439207,-0.136395242898891,-0.343591693028197
"Hoxd4(+)",-0.370675242591165,-0.659438314296432,-0.115027900502664,-0.461104306079058,-1.01583859218575,0.305927693773337,2.95897277766753,-0.534365634354781,0.0824406419997781,-0.662932815283307,0.627573811159295,-0.380326516659155,0.224794397352383
"Ikzf1(+)",-0.0814458390042607,-0.426757421358494,-0.406148798857737,-0.378278638845688,3.26323273912063,-0.427883193591657,-0.321247781947889,0.282626311750753,-0.405174548616,-0.18789133383679,-0.332329758535571,-0.215246515007415,-0.363455221269879
"Ikzf2(+)",-0.104974828376896,-0.124940630317887,-0.370200296883276,0.0848087519272542,-0.706590842046553,-0.795499722676007,-0.966694068594422,-0.293674225693993,0.21644801118505,1.21905205827101e-05,-0.746626619357572,0.949549626260194,2.85838265405352
"Ilf2(+)",1.11645290649032,-0.0171913040135581,0.357297764228414,-0.872320464735877,1.01741804799457,-0.459853784496675,-2.42972941275886,0.738030487197329,1.03496479536771,0.0993443387781288,-0.851154395335304,0.538767265785924,-0.272026244502126
"Ing4(+)",0.438531706475499,-0.463502744376366,-0.327270241321195,-0.526265633591284,-0.42816658322898,2.95785933723372,-0.374435231615955,0.999587941840912,-0.526265633591284,-0.526265633591284,-0.171276017051215,-0.526265633591284,-0.526265633591284
"Irf2(+)",0.284439371847277,-0.691726560952638,1.39935390681937,1.34658902777425,-0.291073326009965,-0.961200404489392,-1.27505120562715,-0.0152805183191415,-0.275150738455304,-0.796632709946971,-1.03741493551949,1.69164781274783,0.621500280131327
"Irf6(+)",0.000789889734678172,-0.353452403882369,-0.294677431256422,-0.309903612099079,-0.364901645543446,-0.337886719625119,-0.271354660588635,-0.321461445823701,-0.306366130096992,-0.343957662860528,-0.397294793269851,-0.000729154988907611,3.30119577030037
"Irf9(+)",2.38142557118599,-0.566018436204491,-0.561147571781227,-0.740730443382031,0.8963539905721,-0.709711422421229,-0.494297485317463,1.29936087384303,-0.740730443382031,0.390099509072953,0.326856744578461,-0.740730443382031,-0.740730443382031
"Irx5(+)",-0.108788589371798,-0.8326889630827,-0.509402095215616,-0.311127422103648,-0.242166763411513,0.787650129588353,2.45839319903791,-0.544827437679805,-1.21166050842655,-0.0251308148122921,0.949716500563392,-1.06060651824843,0.650639283162697
"Isl1(+)",-0.301694554609946,-0.466081029095524,-0.519691475844477,-0.269907289247755,-0.606086672874909,-0.049358353884064,1.39349461128414,-0.482111313739373,-0.521761419472218,-0.421351211068702,2.81320451350348,-0.657963870742693,0.0893080657920355
"Isl2(+)",-0.277090474219544,-0.373888877662065,-0.562910520689816,-0.141277021621339,-0.531388821127271,-0.431809921902987,0.527654033045675,-0.536216654471791,-0.507200151126631,-0.301502824174302,3.07969985552908,-0.509411390753345,0.565342769174338
"Jun(+)",-0.194079116237464,-0.51751514537625,-0.69663814900249,-0.455691962383655,-0.557308079252717,-0.0790349999016175,1.31510388557161,-0.401390969228778,-0.582260716384612,-0.190062474687692,2.81495951162434,-0.670164231432331,0.21408244669166
"Jund(+)",0.905199651334039,-0.109499324049507,-0.322091193578087,-0.626874181386422,-0.353671671115189,-0.194448133198245,-0.562615435197757,0.0903106859268462,-0.601676662825973,3.03500813447446,-0.570108120194959,-0.500141888636311,-0.189391861552896
"Klf12(+)",-0.788290297096397,-0.302128062044558,-0.306915868333503,0.398331797805105,-0.724261298005263,1.3350365201992,2.06125272524327,-1.0526009226443,-0.61051825986782,-1.306756404138,0.655244066138365,-0.251614796022262,0.893220798766167
"Klf3(+)",0.264867571689365,-0.141967432017606,0.0819143271734983,-0.753653168385232,1.45668877960224,-0.696845185890886,-1.71788770707972,1.91065683706381,0.46069599643421,0.711116005368744,-1.00582449613469,0.0570113499829316,-0.626772877806664
"Klf4(+)",0.036972970169789,0.431741300883586,1.03507471435638,2.91026216867443,-0.459496905575085,-0.645078891741442,-0.663700465682989,-0.357726880878234,-0.414385694386821,-0.538304896008353,-0.340867990987059,-0.537942487916321,-0.456546940907882
"Klf6(+)",0.563322485703517,0.535018028795388,-0.147296571725998,0.938849068668937,0.00823065328997309,-1.71795480283105,-1.42154608148689,1.9611430818115,0.30514089572498,-0.654241609670328,0.272781276040114,0.338736252803197,-0.982182677123337
"Klf7(+)",-0.268882909405828,-0.618192410465265,-0.743170376603178,-0.337064631105496,-0.348195704791255,1.18290149102018,2.41609367064437,-0.582085306055481,-0.974399925721811,-0.331157684475781,1.21993237479236,-0.780038621145741,0.164260033312916
"Klf8(+)",-0.112053293651966,-0.584282913888699,-0.689956506465082,0.0769671543766857,-0.198763818419872,0.589832646860433,2.8874061463959,-0.597499316448587,-0.959536364694051,-0.532027804136918,0.638020977045062,-0.669853007901655,0.151746100928746
"Kmt2b(+)",0.351321741711171,0.446750501161297,-0.627437212533924,1.8273923258766,-0.611575665199113,-0.698153514140616,-0.683653868076759,-0.614021514597335,-0.692509358964228,-0.577545229181706,-0.648443180298309,0.312775961645379,2.21509901259754
"Lcorl(+)",-0.67585281741998,-0.723124857667139,-0.70859446673803,-0.169372111999437,-0.537466226450698,1.80443323298446,1.98858757699816,-0.784316125259169,-0.430254012744527,-0.952281514615694,0.666757584491747,-0.331939278807207,0.853423017227514
"Lef1(+)",0.626702516601488,-0.223419769205641,-0.104041306871863,1.48631070169379,-0.89611721432881,2.30551053813782,-1.00192739261469,0.109469470074582,-0.25462410413196,-0.511994830163245,-1.13328524988021,0.304075622395684,-0.706658981706933
"Lhx1(+)",-0.192866918556241,-0.755648273732957,-0.713988108825249,-0.414521037846349,-0.1519662545742,1.39475464978647,2.51745440720907,-0.397980954556129,-1.01395277203702,-0.223960943304687,0.595650323598107,-0.871953054739354,0.228978937578537
"Lhx2(+)",-0.469118764382163,-0.431569600546051,-0.391813973294104,0.0398407814250747,-0.732332344963718,2.11165750900092,1.90758797717706,-0.641924088887849,-0.919809007649052,-0.561557221164771,0.350922161017671,-0.863529698596829,0.601646270863813
"Lhx4(+)",-0.246937736915652,-0.533703297184243,-0.634503745259983,-0.225032076203101,-0.821224387363102,0.187442124808896,2.39091278380887,-0.576455234498182,-0.749815730522902,0.102248201905883,1.88807980694226,-0.398472122341932,-0.38253858717681
"Lhx5(+)",-0.224116846331058,-0.762154991771293,-0.6397285163122,-0.308980562363559,-0.279794722782184,1.58314627340041,2.54858702215927,-0.479626451050931,-0.935994544441667,-0.0411596502675498,0.368299459276945,-0.728550394285097,-0.0999260752310873
"Lhx8(+)",-0.498563447685955,1.47529056783418,0.84245969270293,1.95893459937067,-0.490151033333461,-0.345162182067263,0.59243509797845,0.159672041384014,-1.30056673594855,-0.214617403838919,-0.144564771474336,-1.49849122379169,-0.536675201130074
"Lhx9(+)",-0.261588723901943,-0.473453811449586,-0.245439527005918,0.027261207375462,-0.781619639165107,1.91612812292719,2.18654977947466,-0.663183460562263,-1.04560371618174,-0.644022495014289,0.456228380986858,-0.633059187173713,0.161803069690389
"Lmo2(+)",-0.34542185410839,-0.575760753882978,-0.366053908547709,-0.103967851601131,3.17582297387535,0.0205338146639707,-0.404098426637704,0.289006203651328,-0.480388522326713,0.139364647857499,-0.807492584392344,-0.376626661508576,-0.164917077042601
"Lmx1a(+)",-0.114137807895673,-0.590988766077492,-0.624173573735833,-0.0960097890671238,-0.44108486160917,1.23958329898881,2.60469371395136,-0.473541855066358,-1.15377989502624,-0.0775973695845402,0.10682635186994,-0.924176409051904,0.544386962304218
"Lmx1b(+)",-0.181912012112605,-0.370246287667626,-0.621094467686206,-0.129366694697358,-0.345847698001466,0.611611470128328,2.95496808877847,-0.570434228308656,-0.972028381832844,-0.244255737958561,0.526701676590527,-0.763766796871428,0.105671069639421
"Maf(+)",0.108836033364474,-0.211047853410246,-0.187133649007093,0.669578261859146,-0.515037573813189,-0.822949644116936,2.94023366988114,-0.10504188492503,-0.598875363545568,-0.820888348569311,0.286404326695279,-0.857002379408775,0.112924404996108
"Mafb(+)",-0.118308124534935,-0.203681103540142,-0.512287197603122,-0.223203454542771,-0.539794948595633,0.870522773903213,3.01733549703987,-0.472500890712777,-0.611774874706995,-0.601607729261555,-0.504302046459573,0.310314142468236,-0.410712043453811
"Mafg(+)",2.10545724539722,-0.421849664817975,-0.651833220326451,-0.740265226103279,1.81502315715734,-0.623077306669869,-0.397953584489087,0.685979149740095,-0.711149061894245,0.652357884677242,-0.216010560599619,-0.69021642378127,-0.806462388290104
"Mecom(+)",0.311781290505576,-0.467194384986118,-0.451544123902985,0.348695032816972,-0.595257616001793,-0.699833314826287,-0.687615117654171,1.94342426631588,-0.663435959042956,0.112390728448883,-0.643664603620118,2.20981009938876,-0.717556297441648
"Mecp2(+)",-0.89459433782081,-0.174806005549305,0.142694838558116,-0.592033150626447,0.369397354187825,1.97114586217478,-1.82097821734082,-0.198795132194893,0.927340623475975,-0.906192297525352,-0.445830360461462,0.476273545676951,1.14637727744543
"Mef2a(+)",0.0307056256309856,1.38758245940401,0.0932185234524732,0.474762836481054,-0.572887861637634,-2.11635289206415,-1.11211531204313,0.146531560745869,0.0954872791270064,1.79713171156951,-0.473474716320338,0.498924059756344,-0.249513274102005
"Mef2c(+)",-0.0405439443032924,1.74714255146556,0.406707447614525,0.677417248945667,-0.633320301872872,-1.61099609880151,-1.09583882768766,0.162869835787648,-0.0827456015031157,1.76733928964411,-0.773465078797273,0.0779985471667187,-0.602565067658492
"Mef2d(+)",-0.199047376722478,0.72911205342414,-0.227537219466011,-0.356403028695378,-0.333365174497709,-0.43750032413464,-0.424520171616406,-0.323679968599317,-0.377100765161731,3.16594208557588,-0.410612044969184,-0.356744592525951,-0.44854347261121
"Meis1(+)",-0.41884455117406,0.653931949075131,0.173015060708145,-0.0273854006296808,-0.853293724745921,-1.75895944216399,-0.176849873897161,0.186620525944732,2.332217051779,-0.42259715012123,-0.384022476777878,1.20554641258216,-0.509378380579248
"Meis2(+)",-0.492965689495355,0.726776116768703,0.351446510663111,0.461445231936216,-1.19964184680684,-1.13841576821144,-0.349664952119902,0.172049762181121,2.2251098511375,-0.183150328256868,-1.32951009920375,1.07357350789297,-0.317052296485483
"Mga(+)",0.666331919862795,-0.133493421873745,0.339983351693413,-0.628494010403832,0.133652855574805,-1.37109912694376,-1.75851090820171,1.60400490833669,1.19602216574529,0.542830256656005,-0.947652338148328,0.801879471411981,-0.44545512370961
"Mitf(+)",-0.20468115410159,-0.0520918619014995,-0.360498115087533,-0.211508467005356,-0.391693989437651,-0.473801823838623,-0.180792778965576,-0.309967842969487,-0.317603004435128,3.30197223750139,-0.371252976179972,-0.0714367083261845,-0.356643515252793
"Mllt10(+)",-1.11276692499547,0.660599491740864,0.734359108491962,0.274068039096563,-0.319517838657998,-0.0625240205123345,-2.15851353456169,-0.383563569380623,1.40963267921314,-0.651943438393957,-0.463641784715283,0.933821024892382,1.13999076778244
"Mnt(+)",-0.230119826218905,-0.773320990156055,-0.586447727432403,-0.250434525679956,-0.289312903369889,0.373991094320775,1.56642221691067,-0.664864192974205,-1.16064894411197,2.19873404546408,0.653824005765999,-1.07583220356191,0.238009951043776
"Mterf1b(+)",0.977387608491529,-0.489990441963613,-0.628103622388913,-0.701972184015055,1.85103127654417,-0.681399208243441,-0.502468095088578,2.00902633999141,-0.609373165720495,0.528368303472032,-0.671854941227142,-0.378679685836849,-0.701972184015055
"Mtf1(+)",0.164206847889936,0.669701653654481,0.434643560247792,1.11072805758174,-0.309044585158598,-1.5778336092278,-1.65733196709389,0.543296710404412,0.823535223012136,0.41539129197123,0.0138772008945556,0.992997085130333,-1.62416746930632
"Mtf2(+)",-0.489805319826376,0.25521461614916,0.433002464344299,-0.34107132073862,0.217575135054875,0.615369841150784,-2.52186646604254,0.0351166963581934,1.38852129284365,-1.03501271475663,-0.297513261315673,0.841081836950914,0.899387199827961
"Mxd3(+)",2.7591549510643,-0.394371888847768,-0.547762148193348,-0.615747221652349,-0.615747221652349,-0.576093121175448,-0.171025657097462,0.228637820775494,-0.615747221652349,1.02759482379248,0.752601327943493,-0.615747221652349,-0.615747221652349
"Mxd4(+)",1.45164509704273,-0.617600906971363,-0.644679564654516,-0.529829985479535,-0.595320995248431,0.579656159541974,-0.943486390424889,0.965425178671194,-0.481448080575642,-0.203014306654311,-0.607275388159835,-0.659911857562973,2.2858410404756
"Mxi1(+)",0.0733949143343892,-0.595021311359593,-0.319582873567138,-0.320163908245678,-0.575722820915827,2.53327379306469,1.59793488939624,-0.564066526153677,-0.96292258722145,-0.583783873061952,-0.52268665235187,-0.230723804954102,0.470070761035969
"Myb(+)",-0.106654322499836,-0.311843837973708,-0.315105490782248,-0.314077780338767,3.32208901629839,-0.317934336128955,-0.310955529850175,-0.20034582273238,-0.290361613523654,-0.262796553537066,-0.283443624863484,-0.290840353490459,-0.31772975057766
"Myc(+)",0.264957981663899,-0.084025005908617,1.84596813137363,0.804922606691867,-0.57204420178894,-1.49792214332149,-1.03834580433877,0.743473397033338,1.48827023370671,-0.734724118602548,0.0699171264181345,-0.836318054804931,-0.454130148122283
"Myog(+)",-0.115660202375204,2.02495955339997,-0.374975307933029,-0.222815887078805,-0.192278777739909,-0.75735516414456,-0.125686831193965,-0.263990827701096,-0.558715978382558,2.36960617843153,-0.583416177584679,-0.520193450629496,-0.679477127068202
"Mzf1(+)",2.22905658425465,-0.599609275622811,-0.689703089331778,-0.70837851879195,-0.725274544610435,0.625327711151131,0.879312968478798,1.48076828066426,-0.740923958047944,0.16081009130672,-0.56058588239885,-0.74591801841391,-0.604882348637884
"Nfatc1(+)",-0.0544622919735691,0.240390231600091,2.14369992702506,1.02587483628628,-0.744950481728841,-1.38497157904787,-1.30439293866394,0.112254124631928,-0.110281882297216,1.19080476389668,-0.658585588229102,0.0336916628165299,-0.489070784316042
"Nfatc2(+)",0.00591312660240427,0.574985944174233,1.55058201195278,1.23823458025166,-0.731552406654661,-0.777312040316949,-0.738645036482949,-0.380726833118219,-0.740743258895818,1.99640094323881,-0.723837090073628,-0.76508400036343,-0.508215940314236
"Nfatc3(+)",0.0212446108191371,0.245178598662681,0.899803300067733,0.562038396114173,-0.576559071037029,-0.726282778092025,-1.57277267443338,-0.0259270518519997,1.88367322756448,-0.449657465404417,-1.10922673149075,1.45839651789129,-0.609908878809896
"Nfatc4(+)",-0.0178578149178529,1.20997494237603,1.32514852468721,1.27046866275623,-0.729651055708084,-1.41612094080896,-1.57605575683417,0.259182668281907,1.02872817973344,-0.461763524823123,-0.852542782930289,0.1770932927738,-0.216604394586146
"Nfe2l1(+)",-0.153465148382475,-1.43328333338775,-0.927397894868386,0.0430599537436806,-1.03818057349065,1.97287572779337,-0.50666938047497,0.43339617661714,1.08155386063707,1.3829832679029,-0.727813053023977,-0.176306766510809,0.0492471634448694
"Nfe2l2(+)",1.79619144307357,-0.726265425292121,-0.775229088229383,-0.775229088229383,2.15550869382737,-0.595994924692276,-0.552455442079837,0.84998135245576,0.00257769321689116,-0.63285272944389,0.0959286295013931,-0.0669320258787179,-0.775229088229383
"Nfe2l3(+)",-0.183657079646683,-0.355765049377908,-0.311314741781806,-0.238886073350387,-0.364381752835326,-0.289048927245618,-0.354978525850381,-0.314237138250332,-0.376575079468184,-0.375957726331144,-0.0685053901394548,-0.0759264140651103,3.30923389834233
"Nfia(+)",-0.189021874162865,0.985994620971178,1.02004362725259,1.23229775437066,-1.16416765273916,-1.34710601330446,-1.75480768039668,0.247292269014541,0.908763547692387,-0.124152335218561,-0.74079068930352,0.852763293560027,0.0728911322638537
"Nfic(+)",0.67215921768386,1.41089068931116,0.444412397568269,0.118417353438151,-0.907577354907507,-1.26361005240894,-0.250276175442603,-0.135265828635256,0.469663787844415,1.98162472273189,-0.921265888399759,-0.291073883857415,-1.32809898492627
"Nfil3(+)",-0.191211117536513,-0.383523039571504,-0.383209660020422,-0.379569622879711,-0.368547457798048,-0.396286933254556,-0.363459451892487,-0.105714845869933,-0.313349304800542,3.25730422109982,0.34829801714385,-0.3635395047977,-0.357191299822252
"Nfix(+)",-0.0788931104446642,0.467712881419357,0.458386014203676,2.05604253385138,-1.24645549871938,0.983869777931862,1.19962437260768,-0.464112138177916,-1.44126453678388,-0.309995548408649,-0.666920476805455,-0.684474625044255,-0.273519645629746
"Nfya(+)",1.52793075109576,-0.620176905379625,0.718230515832796,-0.818430573632832,1.61943948316533,-0.84421714256677,-0.882948706864211,1.48451426950003,-0.935348103265197,0.0104996310341073,-0.718069929282813,-0.6165991700806,0.0751758804440226
"Nhlh1(+)",0.775995164346753,0.0525812762183794,-0.932244599942103,-0.954638008855389,-0.524810019913421,2.06508937201834,-0.413846196811081,0.115905714912427,-1.04695793362378,-0.019354243265258,0.426978839626323,1.55193781403523,-1.09663717874642
"Nkx2-1(+)",-0.292465012901392,-0.812067315509601,-1.00438813442083,0.0469601227403036,0.193591068520777,2.22720790047792,0.925186048394308,-0.428490358469175,-1.24613368853794,-0.582175760775448,0.618056280772381,-0.789548090085562,1.14426693979426
"Nkx2-2(+)",0.084647983882838,-0.277257423978069,1.56546018615604,0.209018509790629,-0.970067859517884,1.13778094210514,-1.45038348017195,0.128947880393274,0.494877972805647,-0.569698981169019,-0.821478004314444,1.59641259757549,-1.1282603235577
"Nkx6-1(+)",0.194175809836538,-0.727312823945714,-0.485228678550017,-0.278922677698206,-0.920170258021088,1.34847018818732,1.70982059083878,-0.328125095535082,-0.600240337265224,-0.281173359948037,1.92055461236248,-0.990209303958002,-0.561638666303751
"Nr2c1(+)",-0.112290758124838,0.666012710056716,-0.682453956207737,-0.0104039503849347,-1.09323525583309,1.910478403496,1.46397474265239,-0.311219126620125,0.398837266230473,-0.94057142026681,0.00245265230768716,-1.67412738125842,0.382546073952692
"Nr2c2(+)",-0.282297760148664,-0.635525946761996,-1.16928573918866,0.196269769244886,0.817224984994692,0.331505471939285,0.957385604997157,-1.03062657022094,-1.49490994701912,-1.04631916901172,1.09436765139749,0.764941912321353,1.49726973745624
"Nr2f1(+)",0.00339282708433347,-0.0796056862566181,-0.272158055111152,0.252862953002294,-0.937334209030401,3.02147865906319,-0.175495010010349,0.0634071236141605,0.326694003096658,-0.664141932617854,-0.985869616425173,-0.541294007894325,-0.0119370485147617
"Nr2f2(+)",0.387145692186195,-0.545299425075624,-0.638915848116441,-0.410804346088894,-0.550131400468898,1.5103960087301,-0.526081840485981,-0.0947936044884632,2.6148735598174,-0.474701913630983,-0.34954001564685,0.0368438297896772,-0.958990696521234
"Nr3c1(+)",0.566274077732556,1.01799314262926,0.111936485716574,1.32352063891909,-0.435548549872055,-1.60042319289645,-1.40566845331164,1.37768370755949,0.508573496158776,-0.339123982400354,-0.530675788200055,0.545879587800205,-1.1404211698354
"Nr4a1(+)",0.197548374447963,-0.129149262204889,-0.375331820847056,-0.375331820847056,-0.375331820847056,-0.284487708282008,-0.276814800864652,-0.162198165888175,-0.375331820847056,3.28242430872116,-0.375331820847056,-0.375331820847056,-0.375331820847056
"Nr4a2(+)",-0.209804626598122,-0.346321112813444,-0.354885516677201,-0.466243324448749,-0.379612604005345,1.28049730912194,2.20784335856028,-0.403369790866699,-1.23328686124407,1.507391557642,-0.410967532199426,-0.59326731606023,-0.59797354041093
"Nr5a2(+)",-0.173951588272626,-0.300282413888813,-0.301284584636319,-0.305804107554881,3.32533443944474,-0.303045858656703,-0.301792367721236,-0.208063722951487,-0.301070017261389,-0.262157485377137,-0.269947607599528,-0.288400088585268,-0.309534596939355
"Onecut1(+)",0.108785558464663,-0.64859952946168,-0.575069519484147,-0.65634474015138,-0.391129963594968,2.65342850002699,1.37650793409425,-0.228590637743085,-0.651655113429235,-0.346874997819475,0.593294307616224,-0.556662859026539,-0.677088939491618
"Onecut2(+)",-0.142673350780397,-0.625872436026157,-0.642840728331394,-0.655630447833364,-0.357796532008384,1.98752155611743,2.00854114713998,-0.376688981488226,-0.728996304354782,-0.463154401524778,1.05796186430779,-0.707689840103589,-0.352681545114132
"Onecut3(+)",-0.0615612796562217,-0.778295466530349,-0.700809900412541,0.141982880448155,-0.179591002794675,0.854569614244947,2.3995962297199,-0.500850205124734,-1.24034430545752,-0.322647474174997,1.34564239100092,-0.791753277661936,-0.16593820360094
"Osr1(+)",-0.135335650600158,1.47682768831139,0.570980588111299,1.71885457841471,-0.763928435705334,-1.2259741362132,-1.18227942705717,-0.122855594610271,0.668917760880457,-0.845010425892292,-0.769091046655624,1.0400883784675,-0.431194277451309
"Osr2(+)",0.743041803278922,-0.236763627279789,-0.515365957632887,2.12747942748419,-0.405184258061139,-0.829839405535603,-0.852686821250331,1.91445315854436,-0.419548189051721,-0.528688704224307,-0.659864203182869,-0.619791889551831,0.282758666463
"Otp(+)",0.137068383420089,-0.369346260877954,-0.596808931872948,-0.117222145587857,-0.0512984948227249,1.17035033539407,2.79718730920267,-0.210659247826151,-1.02815722222856,-0.256816287249934,-0.00976919335993714,-0.870664366861335,-0.593863877329436
"Otx1(+)",0.0235470024546802,-0.503027871213064,-0.459513322542615,-0.333347332327571,-0.552255438534178,2.17185976205575,0.127195656713573,-0.367901994808946,-0.424456087457781,-0.484924794417408,-0.706786025127327,-0.693697572307475,2.20330801751236
"Otx2(+)",0.168745114897871,-0.711207066286519,-0.6108356987298,0.901917434862062,-0.63572421008665,2.4171779946325,-0.167911775420211,-0.428957348834281,-0.521448529430163,-0.607261442622518,-0.717923922902289,-0.603184873312145,1.51661432323214
"Pax2(+)",-0.081364646491066,-0.65961860162817,-0.67701492252771,-0.161595152498446,-0.0815969829162321,0.122574259464566,2.96324344308834,-0.506217374522242,-0.745370481167888,-0.432756310459818,-0.125987688344181,-0.575899553291646,0.961604011294493
"Pax7(+)",-0.512160012451886,2.05786814153364,-0.481792486013209,-0.139231650528191,-0.793221077532356,0.925667965509424,1.11815615252315,-0.856338148153604,-1.15726332445646,0.643877796701511,0.391817475805837,-1.35944462542559,0.162063792487727
"Pax8(+)",0.0690768843332467,-0.612504518761328,-0.680989877172184,0.177633882864575,-0.219704762391071,0.0989145470623891,2.92019473743302,-0.432247146080622,-0.898922761671331,-0.460415596558078,0.691280709781004,-0.892578652950555,0.240262554110932
"Pbx1(+)",-1.53290231636001,0.424416029451142,0.299463138682858,0.316429001955306,-1.06553356907082,0.378395464973493,-0.228061046215057,-1.05770246474961,1.19736740584545,-1.0464089765185,-0.521851590805364,1.47920341156443,1.35718551124668
"Pbx2(+)",1.73244567980429,-0.561409533322897,-0.561409533322897,-0.561409533322897,-0.561409533322897,-0.561409533322897,-0.180460000242803,-0.561409533322897,-0.561409533322897,1.71881031067236,1.78188980967223,-0.561409533322897,-0.561409533322897
"Pbx4(+)",-0.112711730982648,-0.695545276536789,-0.890753778845479,-0.0343382134241621,-0.661633187774124,2.00942273679605,1.84467475296014,-0.57039386796372,-0.582253755798793,-0.470497422888042,0.829610134084936,-1.05217890901158,0.386598519384216
"Pdlim5(+)",-0.191611758960851,0.49281897483468,-0.0819927007951792,-0.328266170653569,-0.124511287478475,-0.582568915651859,-0.661959983712388,0.161612488576443,-0.1663292651718,3.1340635219984,-0.605786388595029,-0.414950327209205,-0.630518187181167
"Pgr(+)",-0.023019260019288,-0.536879388873944,-0.689698541596008,-0.0541120647964589,-0.0503430775506245,0.529829125783258,2.99044629035293,-0.555711709604069,-1.04846066702117,-0.333730461753447,0.372309887152334,-0.590264951991883,-0.0103651800816298
"Phf20(+)",0.521623699558062,-0.600787094580247,-0.113790245642345,-0.695196003077468,1.85865916963758,-0.235459095696363,-2.32854013833569,0.376119253778146,0.273171838469702,-0.679593799243806,0.411237163348109,1.02839514962393,0.184160102160392
"Phf21a(+)",-0.477195434642699,0.733875482102534,0.809757971955677,0.57675518484644,-0.288846671007208,-0.54211188104061,-2.35100894449273,-0.140366265721349,1.21341549445015,-0.628853473138112,-0.786783389210527,1.12022209817995,0.761139827718492
"Phox2b(+)",-0.197486533188581,-0.45488822055033,-0.400203336181723,-0.473073406463,-0.417504608954809,0.324546022217365,0.327877570752409,-0.309469936855197,-0.317816402312698,-0.42767686787347,3.19970585539781,-0.44281755388198,-0.411192582105796
"Pitx1(+)",-0.124510459359236,-0.489486107345734,-0.685425197207724,-0.332575871194716,-0.393294611366339,0.2976313424539,2.43578598305697,0.296747050194201,-0.604150904769289,-1.00080035515299,-0.904668295585854,-0.137275670234492,1.64202309651131
"Pknox1(+)",0.183027805477289,-0.555869647930763,-0.466985532531539,-0.608071935319493,-0.5492154714913,0.101850345563154,0.193939181991745,0.502940888977018,-0.281109222473772,-0.473493368894929,3.08420802217064,-0.489054407104036,-0.642166658434011
"Plagl1(+)",0.00629510861159878,1.54681902778116,0.443730492309069,0.452139618994445,-0.378659196327188,-1.57306735050418,-1.69701522706721,0.828040865304317,0.40179563175641,1.16983683137981,-0.836903968936977,0.421110569932264,-0.784122403233513
"Pou2f1(+)",-0.432186694340817,-0.657346036352607,-0.493736405823488,-0.192995123839781,-0.574562263799948,2.46272647863615,1.25524485366631,-0.675688860592086,-0.714609085861616,-0.892653690220559,0.370972034199493,-0.462160722557367,1.00699551688632
"Pou3f1(+)",0.0805631209618223,-0.527024849080508,-0.49530410702529,-0.787510522381917,-0.385045635401284,0.405022038485759,-0.045297190450226,0.217068632683145,-0.482660327307473,0.239792694711513,3.06208454395246,-0.658105896686979,-0.623582502461023
"Pou3f2(+)",-0.350852031797028,-0.268299859313573,-0.325796929568445,-0.232112572168106,-0.761042252152125,2.82450541511335,0.948063860777928,-0.540914174798474,-0.731561787805448,-0.517106949175746,0.442492383370394,-0.867914982856322,0.380539880373594
"Pou3f3(+)",-0.272625587108452,-0.521138910792645,-0.15244941421586,-0.145975568425022,-0.959800936071949,2.83585787061337,0.388321211927487,-0.389115224817843,-0.636432704634634,-0.669960131053807,0.121090247790338,-0.633923736299782,1.0361528830888
"Pou3f4(+)",-0.25585777777027,-0.463272089896433,-0.611234693528657,-0.26314565940971,-0.511940759397796,2.5119906565887,1.57803607177542,-0.460602903046048,-0.932144091154581,-0.436044366084279,0.584429740766233,-0.775067004148797,0.0348528753062133
"Pou4f1(+)",-0.28553669707112,-0.183211149748807,-0.523212811541792,-0.182913231650601,-0.678172948713928,0.329353162063934,0.999154729348127,-0.470502185254861,-0.813627827505684,-0.32909773734442,2.81363871070527,-0.999131587978165,0.323259574692045
"Ppara(+)",-0.106965423915169,-0.50992092962933,-1.00968032325975,-0.709933552889804,1.08884035698222,-0.638602861717282,0.0479273433769614,0.417058454879442,2.48943409795248,-0.926542039093254,-0.991114644303756,0.559957158677197,0.289542362940044
"Pura(+)",-0.0814651624671888,-0.530095087760679,-0.41007111861524,0.22874835371774,1.95339617013474,-1.03842457157258,-0.91278909113338,-0.469158277443718,-0.356759859678798,-0.735862254487884,-0.137262497989282,0.307460382721668,2.1822830145746
"Rara(+)",-0.166724361115279,1.25152710491978,0.916160331059911,0.224981239265946,-0.417717405625041,-1.79756934690733,-1.68047123494326,0.386815625399797,1.28350461431888,0.598849946447513,-0.765967185079495,0.598073563291938,-0.431462891033365
"Rarb(+)",-0.326027013896461,-0.166627204083009,-1.00796291817476,0.126329676414053,-1.63034804467802,-1.01221091482005,0.692779795823139,0.491065013451107,1.6455568859842,-0.477921068686943,-0.74266189177546,1.35096211677334,1.05706556766887
"Rarg(+)",-0.0631563293565324,0.567523440597669,2.00691265838007,1.6124179091119,-0.6587452864311,-1.4027474391539,-1.36675482776994,-0.00229843003794918,0.385568501063705,-0.403613106843546,-0.632979048470107,0.157194565824181,-0.199322606914446
"Rela(+)",-0.155441812803112,-0.283097297167795,-0.290529093290508,-0.302175174884163,-0.280075769024684,-0.287810249859165,-0.290409862742078,-0.25949981728084,-0.302175174884163,3.32567753228197,-0.270112930577134,-0.302175174884163,-0.302175174884163
"Rest(+)",-0.309517897639637,1.29270760892558,1.33331593148324,0.0924711678837445,-0.465745708173484,-1.21132383731165,-1.66170894143388,0.629321822985306,1.59457680075441,-0.030634643400752,-0.818861650201656,0.159991070180997,-0.604591724052216
"Rfx2(+)",-0.291519568308094,-1.68450087585492,-1.01822102540591,-0.384023452618592,0.744746317721835,1.40434015549586,1.53240386371566,0.371442158532383,-1.43368795703718,0.339179225107653,0.797792906032371,-0.159186147729878,-0.218765599651176
"Rfx3(+)",-0.558707288272374,-0.263263513583359,-0.411269715312245,-0.30476648649972,-0.790775359779783,2.56125312585222,0.10965510534014,-0.467064016238687,-0.272425289096801,-0.908777167272918,0.0963529557336963,-0.467446692420633,1.67723434155046
"Rfx4(+)",-0.412517864574465,-0.399668171871567,-0.449205075516708,0.170021142324695,-1.07851211071097,2.72152530768486,0.798485327462127,-0.631192612158056,-0.926914528201586,-0.324094925472246,0.0359972430019216,-0.362281853078365,0.858358121110356
"Rfx5(+)",-0.258652226283142,-0.0901156615786497,-0.0511669802982499,0.159891092794972,-0.428016215207768,-0.480249786137713,-0.518908508779097,-0.374996133512688,-0.500491270697315,-0.487131761025833,-0.494828048343702,0.325532138539144,3.19913336053004
"Rfxank(+)",-0.189138609031237,-0.150288761705521,-0.169458341229238,-0.335419156182469,-0.32215564609201,-0.347062821122477,-0.341780249727052,-0.152625146394008,3.31748102641098,-0.336941526081003,-0.322400567661761,-0.297410634380767,-0.35279956680343
"Runx1(+)",-0.276000608338656,-0.501593950596102,-0.338322455221919,-0.00525727448267243,3.13240784147792,-0.614867462554742,-0.618435040809668,0.139421006657022,-0.523420753773983,-0.464344246773005,-0.12869736191164,-0.36939373457453,0.568504040901973
"Runx3(+)",-0.085759459845664,-0.30153851199115,3.28565953949124,0.040306584685902,-0.344862201980031,-0.443797158827764,-0.449155121329243,-0.30048130232967,-0.45206977532161,-0.307961407159146,-0.285838806499386,-0.0146561152134248,-0.339846263680047
"Rxra(+)",2.39892015226556,-0.879518339698315,0.184320969061531,-0.0788881441310828,-0.411326227766317,0.721884968956392,-0.784228605528209,0.792098148922475,-0.930030002296808,0.966766539769437,-0.335416037720963,-0.48004450835418,-1.16453891347953
"Rxrg(+)",-0.120467619372095,2.26964701317607,-0.380881816479557,-0.235467812884726,-0.297951958758063,-0.855874744062612,0.114810641150701,-0.287679362276796,-0.630942537528371,2.09000607272483,-0.434739387933849,-0.66110866750932,-0.569349820246215
"Satb2(+)",0.0619114396404357,1.02506949979372,0.745576593188431,2.6830267634549,-0.512206486278111,-0.867090739166843,-0.702094253305824,-0.372506322601022,-0.48312574368618,-0.815512977004961,-0.685973388086838,0.255556048658546,-0.332630434606259
"Shox2(+)",-0.313202927976818,1.43807821638354,2.09825922889639,0.750183658952467,-1.42834226010795,-0.21646362112722,-0.472171133102378,-0.459538676817335,-0.464928551842562,-0.984981048303683,0.269426574487959,-0.837849462693656,0.621530003251238
"Six1(+)",-0.172590526575525,1.10543631065114,-0.0693272214899007,-0.157483976561826,-0.754914695803141,-1.23748521175358,-0.490374001128379,-0.259765105559202,-0.558476637838287,-0.324362794593486,2.51946088113747,-0.655821760405187,1.05570473991991
"Ski(+)",-0.0664375687351444,1.674866713921,0.548289867748182,0.831076554870301,0.151586481962468,-1.8388387585069,-1.70492415437279,-0.0573694055912907,-0.0830186360965731,-0.00629937240304657,-0.69923325230175,1.17617144688211,0.0741300826234399
"Smad1(+)",-0.301005803720381,-0.53919360293452,-0.779176376967546,-0.414343091566592,-0.366510410765689,0.780938733882682,1.63463691699783,-0.586347316926679,-0.91289455795188,-0.281021968080296,2.35936212692128,-0.757771909311143,0.163327260422939
"Smad3(+)",-0.254126609048809,1.40173776985509,0.915748889742207,0.669070329917085,-1.07075943996957,-0.268741332376766,-1.8700160163935,0.154092638042446,1.45388442483448,-0.671522124480007,-0.997427929323045,0.61580723192233,-0.0777478327219429
"Smad4(+)",0.392309107132445,0.387288096296182,1.12200384795842,-0.199667938339255,-0.840144630240047,-0.707298471381091,-1.26094500889529,-0.318738954468456,-0.303309041916341,-0.711210713351838,-0.562629254194484,0.481796610915003,2.52054635048475
"Sox1(+)",0.494222917973041,-0.503985884912726,0.0875563950835805,-0.385372590184284,-0.989371248277869,2.58028897569498,-1.07034748042757,0.348670169579705,0.246723528113611,-0.974319506545154,-0.123349058499427,-0.684325525160069,0.973609307562189
"Sox10(+)",-0.0905373167117091,-0.150062299941241,0.317592813231175,-0.213982241250933,-0.658501208146071,-0.95942383323917,-0.243904370816432,-0.208801828273301,-0.104764807268523,-0.651600491531454,3.04547793031494,-0.611539496822619,0.530047150455335
"Sox13(+)",0.307170102798477,-0.968284573936223,-0.835179035451131,0.253360693378638,-0.422850987114786,1.84805970477495,1.95505547367005,-0.0534320845471258,-1.60936393081665,0.201852696050627,-0.275818785770786,-0.196367969341842,-0.204201303694197
"Sox17(+)",-0.235069971269946,-0.292819363550509,-0.296483699341574,-0.297167464014967,-0.286518176712168,-0.292540600274951,-0.295805763647976,-0.16017413985551,-0.294714301501557,3.32567997647245,-0.293860102052691,-0.283358930235637,-0.297167464014967
"Sox2(+)",-0.107839376549157,-0.568729910558591,-0.277794018433514,-0.502118266484672,-0.44039024381279,3.04655714427217,-0.112072060357414,-0.301312797593863,-0.702160081683343,-0.153155471762042,-0.309642336163286,-0.511131072901514,0.939788492028019
"Sox4(+)",-0.0166159188346477,-0.312130456882116,-0.361491937060261,-0.893433138762579,-0.797806112516836,2.71562604824928,0.426330969836366,0.225257775947325,0.0160839345608248,-0.35885685632446,1.02844367362438,-1.10611576912808,-0.565292212709196
"Sox6(+)",-0.299513155344167,-0.302697040292088,2.77964297982463,0.593302640208998,0.10869163679161,-0.785148020696531,-1.56069911136532,0.177023710696817,-0.0487260491053434,-0.186590539639618,-0.627498455645447,0.394165548623132,-0.241954144056671
"Sox7(+)",2.62334622027424,-0.505734081183851,-0.446882734603711,-0.554994741741577,0.251580578523519,-0.39648786208921,-0.554994741741577,1.64290225609877,-0.554994741741577,0.0534690512856949,-0.447219719597573,-0.554994741741577,-0.554994741741577
"Sox9(+)",-0.224782532378307,-0.0554809864065765,3.01110600059801,0.887230028651325,-0.583117583696744,-0.364900959256128,-0.903521131655785,-0.246803669138461,0.0309847274485829,-0.397305289296185,-0.676265987246392,-0.160991932507395,-0.316150685115941
"Sp2(+)",-0.178631712009633,0.704740013197229,0.15193384199982,0.275900442542903,0.462831675125174,-1.97472115555042,-1.43839000518625,0.763472968257531,1.0573832282844,1.21405853085955,-0.82950192284434,0.703145922081771,-0.912221826757727
"Srebf1(+)",0.142743989190257,-0.316937323322498,-0.256451522664449,-0.389804912224968,3.28955853420636,-0.338883131972023,-0.368680843587644,-0.0724098840636061,-0.378704148070547,-0.258225079156325,-0.312764031597403,-0.331325423103276,-0.408116223633878
"Srebf2(+)",0.353651364391656,-0.772019340319376,-0.940943870127897,-1.4193602254004,-0.220597131977359,1.5299563995467,-0.661240316462162,0.0416651508312297,0.171783970363301,0.403066342793856,2.25125354881171,-0.465291006147893,-0.271924886303358
"Srf(+)",0.146632826616335,-0.344754054158902,-0.346380917424807,-0.310623508373656,-0.346380917424807,-0.325617413195291,-0.346380917424807,-0.029798523921335,-0.346380917424807,3.2888270950065,-0.346380917424807,-0.346380917424807,-0.346380917424807
"Stat1(+)",-0.176187182341737,-0.306967709110189,-0.359714562745587,-0.355156518903485,-0.207265854587157,-0.109531046757834,-0.0669293776595939,-0.287916761536237,-0.364139770062938,3.31017472372791,-0.335417859585014,-0.368932662181141,-0.372015418256996
"Stat3(+)",-0.24721721086107,0.623035318537962,-0.340227158319274,0.290470094619782,-0.583258021502038,-1.11555562641384,0.232598987252925,-0.39080614846204,-0.940889101674044,2.84690924385453,0.304896824300261,0.00987831428646057,-0.689835515619611
"Stat5b(+)",2.71878356236246,-0.394905891794162,-0.512009261943242,0.0206192574628082,1.60313551235199,-0.512009261943242,-0.512009261943242,-0.512009261943242,-0.112782771674012,-0.432526180065538,-0.330267916984093,-0.512009261943242,-0.512009261943242
"Stat6(+)",-0.282075330216955,-0.653308044191987,-0.462121777522471,-0.240834223826761,-0.5187902710018,-0.563147568607597,-0.66107350544184,0.0281176760428367,0.100746970928664,2.74799972035809,-0.77936643146667,1.41806223682922,-0.134209451882727
"Taf6(+)",2.84916959419416,-0.476603028028627,-0.476603028028627,-0.476603028028627,-0.415224074268135,-0.476603028028627,-0.273260920704392,-0.476603028028627,-0.476603028028627,1.30207602045438,0.350063604552997,-0.476603028028627,-0.476603028028627
"Tal1(+)",-0.179390253268051,-0.727597643034275,-0.703047292160438,-0.446597699267354,2.94365395502922,-0.0370378155720287,0.351686323573272,0.866673922655474,-0.697518316959261,-0.0067449389593703,-0.200933954437915,-0.579118778497487,-0.584027509101783
"Tbp(+)",2.39461711849595,-0.297858478994136,-0.783634991792485,-0.738649402131816,-0.439162508851373,1.13362587283496,0.56943317220792,0.132278941450862,-0.760493065433633,0.988967101567351,-0.593458085341944,-0.802832837005829,-0.802832837005829
"Tbx15(+)",-0.036512286510639,2.07621477978233,-0.070960787608609,-0.00516848596061175,-0.335219375346157,-0.907930523094457,-0.916025502760021,-0.267106935647109,-0.265564886236759,2.22316504810522,-0.706460638119378,-0.313925829126178,-0.474504577477629
"Tbx2(+)",0.595060201900966,1.28371186615872,-0.617380894210183,1.34638632437057,-0.768905891006274,-1.03412546257716,-1.06294966332555,1.49537783303151,0.964118166459202,-0.760141602553382,-0.78314130942891,0.140188994458015,-0.798198563277522
"Tbx3(+)",0.15086786190076,-0.404357285512715,-0.58671723733276,-0.457099105760923,-0.495776756928541,-0.598707174260061,-0.638121919950526,-0.361001738540053,0.255130471024201,2.2737000107083,-0.543560483258937,2.04457663645261,-0.638933278541356
"Tbx5(+)",-0.216600027460739,-0.447639530509571,-0.500800166689863,-0.380952142664649,-0.347418527591072,-0.621299554175021,-0.616829784797653,0.0586568211878658,0.0493482010059707,3.10505106307738,-0.528274636456072,0.694281275697418,-0.247522990623994
"Tcf12(+)",-0.907630133584273,0.602261124688948,0.75564502108441,0.158994144054333,-0.122860239726568,-0.0778354755206079,-2.33297415974697,-0.156129210446794,1.47389963623799,-0.696462503261028,-0.566208243604507,0.891409230800083,0.977890809024991
"Tcf3(+)",0.779821124403376,-0.041848374581122,0.284287592955519,-1.10001499823449,1.47281438197222,-0.511096962109586,-1.88514699376504,0.754202616612569,0.924187170985566,0.889927035944386,-0.959767321127109,0.326627032492377,-0.933992305548663
"Tcf7l1(+)",0.0129624359726047,1.01260659323522,1.13466302386415,1.09731554862468,-0.677404161074478,-1.69558115233891,-1.78113925449366,0.355856683588491,0.854918805048041,-0.0585343943014807,-0.718786110465957,0.727407999050964,-0.264286016709658
"Tcf7l2(+)",0.119744879296564,1.92702096531143,1.37905457652072,1.287633286627,-1.08448589724492,-0.870569135041879,-0.963351948369349,0.167597911107787,-0.200738422034943,0.293578177853367,-1.11979157239986,-0.51337819313486,-0.422314628491061
"Tead4(+)",-0.0682665026201641,3.16720437846092,-0.087354564993478,0.224223076542537,-0.207371013894968,-0.628701219295076,-0.617386866116747,-0.166817018823637,-0.505323301443389,0.321126880218023,-0.487722714680018,-0.378429079435484,-0.565182053918517
"Tfap2a(+)",1.26000361864806,-0.822474897855568,-0.895478750691231,-0.260796556740377,-0.408216455984534,0.242393837243558,-0.00813600889417504,-0.232341363618148,0.0227115630179433,-0.675466665252388,2.73394652303913,-0.792908595657625,-0.163236247254654
"Tfap2b(+)",-0.294021543052286,-0.747664359077374,-0.806533045208403,1.37265088916995,-0.739628544047817,-0.300814352034515,-0.114475359396669,-0.0235672497259761,-0.91122013653397,2.65376491440189,0.0808799581485961,-0.455501186235364,0.286130013591945
"Tfap2c(+)",1.42032731241131,-0.432562829887423,-0.505891307671438,-0.577259577059755,-0.475616739007956,2.41677859233537,-0.550797766357725,1.19601411580311,-0.531353239948262,-0.140090032807746,-0.606516175936496,-0.606516175936496,-0.606516175936496
"Tfdp1(+)",0.522923666069755,-0.016788453490109,-0.0553158206382562,-0.610714318780673,2.53449456048218,-0.669360048432541,-1.45956842198832,0.235496662619542,0.176312827946139,0.855087768410433,-0.983308931660327,0.195542720099516,-0.724802210637337
"Tfdp2(+)",0.0575896280155972,-0.328152643983693,0.118106078767106,-0.741928897698464,2.55376658042156,0.591621009449373,-1.7190918615905,0.522909835417321,0.265406752274512,-0.339419010241389,-1.01871046784881,0.0206406824294783,0.0172623145879085
"Tfe3(+)",0.183542246060945,-0.488589015524789,-0.670072350324467,-0.616961366381241,-0.286797623198986,0.232971974118765,2.95203661625076,-0.0162700312532767,0.0211345676598435,-0.420326583505305,0.736370319208414,-0.770792834927175,-0.856245918183486
"Tfeb(+)",-0.316620577465178,-0.304436010302547,-0.571610470059043,0.301469930192733,0.90325782376958,-0.418490314163691,-0.75388458796998,-0.370349679534167,-0.652106843776419,2.78287779342015,-0.748148977029162,-0.61612415012187,0.764166063039596
"Thap11(+)",2.95561116167302,0.0141618614492026,-0.542432034393539,-0.542432034393539,-0.00448808253773166,-0.52809104080823,-0.542432034393539,0.702990598224576,-0.542432034393539,0.656839742753938,-0.542432034393539,-0.542432034393539,-0.542432034393539
"Thra(+)",-0.193248554445446,-0.575511146497061,-0.724567697814965,-0.135121311877917,-0.284392196042862,1.03267698537754,2.79289334827052,-0.577951399006791,-1.00815099284635,-0.13581465514383,0.496324523599711,-0.723945506374697,0.0368086028021544
"Thrb(+)",-0.276924105225792,0.126473167268859,-0.515879631316537,0.577486419240669,-1.4654566739559,-0.0392864276642515,0.652901781093815,-0.110447242240835,-0.53089737883564,-0.508448383445758,0.371340174856765,-0.952077289618857,2.67121558984347
"Trp73(+)",0.37244299799658,0.129719674300735,-0.733965807499683,0.151332907834504,-0.460013562007797,2.25219371636784,-0.482516186671574,0.935956019938658,0.014606918189074,1.11910157041629,-1.16342466184324,-1.02395564755217,-1.11147793946921
"Twist1(+)",-0.0253704107617685,0.94814712006106,1.19733093796285,1.24955508437543,-0.806886927611015,-1.46779214328976,-1.52005725337913,0.340288807909587,0.840905430842574,-0.603545910086917,-0.51775080743192,1.03915122412963,-0.673975152720616
"Ube2k(+)",-0.0312997377089567,0.39265157026092,0.48678123422903,0.227926090745246,0.76005700123924,-1.3108897179743,-2.42825364086252,0.339644133346839,1.00710118897144,-0.0645908718647719,-0.866419778040855,1.17545575289687,0.311836774761813
"Uncx(+)",-0.244597795900865,-0.117098872763112,-0.194097448622625,-0.253275654872082,-0.686120485950119,0.843210886203768,2.40640492692646,-0.507399791324338,-1.00241602820948,-0.669733664069158,0.755655512657316,-1.28678493201198,0.956253347936213
"Usf2(+)",3.11665206464259,-0.19394281700346,-0.30540358775734,0.685154211864983,-0.503182516637256,-0.500133917743988,-0.271228238783228,0.113488161652391,-0.53856762274353,-0.336516826857365,-0.0969728010543203,-0.584673054789739,-0.584673054789739
"Vezf1(+)",1.32767245297631,-0.409954024151081,-0.248432443605411,-1.42311186405039,0.733094617769461,1.34484159888733,-1.96791947260744,0.886761969059039,0.191192682567532,0.196359620211513,-0.517872384925878,-0.616463854906551,0.503831102775563
"Vsx2(+)",1.11533155009253,-0.608242977431696,-0.608242977431696,-0.608242977431696,-0.608242977431696,1.90257084600176,2.0572751658137,-0.123579358308269,-0.608242977431696,-0.517452833629134,-0.176444527948714,-0.608242977431696,-0.608242977431696
"Wt1(+)",0.00152288572941718,0.340370177348063,-0.110232822907817,0.0718432334705349,-0.685942797391457,-1.43816178706722,-1.3815468492973,0.856333198747102,2.38168535754293,0.0429285438215707,-0.700657928265261,0.71558004325816,-0.0937212549887185
"Ybx1(+)",0.389055332618205,0.217135408639061,0.375898925711796,-0.845192626333654,1.07244766473745,-0.341503255761611,-2.4370930744774,0.807211537634087,1.19703444602881,0.651573452920292,-0.924906019437849,0.344667726185277,-0.506329518464467
"Yy1(+)",0.677643379971682,0.179047451993733,0.453038117315055,-1.09402933485419,1.02782929792984,-0.752948919916315,-1.51810998826887,1.14313914934312,1.16667198312426,1.15491883211711,-0.897964142684378,-0.464754456172061,-1.07448136989898
"Zbtb12(+)",1.18826202443995,-0.666349630736445,-0.720361580138987,-0.972483731368904,-0.67605111422996,0.889388095284977,0.459349947956715,-0.212565308148996,-0.689470991099293,-0.587756302796421,0.823633944005399,2.16302548800889,-0.998620841176921
"Zbtb14(+)",-0.142027417055996,-0.301259334463908,-0.526429555594351,-0.435690454053808,-0.374569701145483,-0.372213460597044,0.350723917919155,-0.252344968961443,-0.431035507554122,3.21951560677877,-0.165780454559973,0.0443516015172396,-0.613240272229039
"Zbtb20(+)",-1.22985704757802,0.0213463778412548,0.385459388855075,0.612630608250528,-0.844042426936501,0.467859763480485,-1.42821721438431,-0.922499326422835,0.36400184606644,-0.84151756242779,0.415891904919772,0.937980915795189,2.06096277254071
"Zbtb40(+)",-0.118476795111784,-0.534982263782618,-0.534919986126703,-0.280527003065136,3.06948918267145,-0.402613026318661,-0.305494610089084,0.506600175260824,-0.551813981514366,-0.408935346392734,0.613284780233048,-0.51350393128056,-0.538107194483676
"Zbtb7a(+)",-0.172774975458873,-0.354547364671497,-0.358436179065332,-0.369738483743285,3.22705021113423,-0.362036304744946,-0.360987058243305,0.522446818660958,-0.362445279567208,-0.299315933070886,-0.369738483743285,-0.369738483743285,-0.369738483743285
"Zeb1(+)",-0.527400172988074,2.56098556682259,0.304988650179974,-0.3585131815004,-0.630584165168905,0.275397022994129,-1.93557390689763,0.0851259051501613,0.221935726440069,-0.235917796885334,0.707208087727711,-0.239929213154957,-0.227722522719329
"Zfhx2(+)",-0.22556989459329,-0.565549928294285,-0.679630456897968,-0.250724374445805,-0.338367703773067,1.31418993660066,2.56549608934071,-0.561049983907226,-0.971188859463442,-0.32502331619632,0.8063627495391,-0.815557731557987,0.0466134736489224
"Zfp11(+)",3.04815926137178,-0.48119742611317,-0.48119742611317,-0.48119742611317,-0.48119742611317,-0.48119742611317,-0.138159259495731,-0.19010444000792,-0.48119742611317,0.27936255657034,0.850321290466891,-0.48119742611317,-0.48119742611317
"Zfp128(+)",2.79649434869985,-0.790755005156813,-0.306795578008291,-0.67656439938197,0.546431560507521,-0.686747931685726,-0.368173966962773,0.295899278470351,-0.790755005156813,0.225890228287888,-0.255556111018152,0.801387586561739,-0.790755005156813
"Zfp143(+)",1.92994405279473,-0.81024743696264,-0.589200402841755,-1.10597475815742,0.583074345565972,0.536302110195748,0.855489220238784,0.88390006148257,-0.387149816885214,0.73743975648532,-0.298559261848114,-0.720996472535381,-1.6140213975326
"Zfp148(+)",-0.727163710806253,0.505842581682023,0.740179091055923,0.518942626888364,-0.0340653379897655,-0.584138075617814,-2.2320267848391,-0.153348309036217,1.24591236930741,-0.757925415794649,-0.708504715039485,1.21900643714249,0.967289243047076
"Zfp160(+)",2.21272200272353,-0.446847695304214,-0.446847695304214,-0.446847695304214,-0.446847695304214,-0.0041378764885505,-0.446847695304214,-0.446847695304214,-0.446847695304214,2.25989282680716,-0.446847695304214,-0.446847695304214,-0.446847695304214
"Zfp182(+)",0.162758694015357,-0.612742056525519,-0.273783927120984,-0.288986283240782,-0.146188837736949,1.4361495293997,2.65263556462799,0.0500017295247764,-1.02506672385202,-0.328773125241433,-0.42960367470713,-0.957096942851247,-0.239303946291752
"Zfp202(+)",0.296353776623728,-0.287743399260654,1.57675811837747,1.58427949628477,-1.07506687342137,0.895099504748929,-0.956067141496962,-0.551041808891691,0.998928028550292,-1.19362121867288,-1.05692715175291,0.0992730788649873,-0.330224409953707
"Zfp280d(+)",-0.423049703694092,0.360710968681156,0.678656441691719,-0.20964491458838,0.283291110261485,-0.00390725693740244,-2.56223040863449,0.224974932443577,1.55176071601048,-0.64625770319415,-0.68497468189381,1.00882612639758,0.421844373456342
"Zfp341(+)",0.328266753082173,-0.514196399450504,-0.554957523625826,-0.562413512891633,-0.438613259617068,2.94563966596922,-0.379521322920319,-0.236105305805045,-0.562413512891633,-0.494900724955315,-0.351737726898054,-0.265046504255296,1.0859993742593
"Zfp354a(+)",-0.917900366394604,0.196473744731018,-0.150097588850473,0.613974388589586,-2.17793486783984,0.404123634483728,-0.576372806618944,-0.137031464772727,1.69910735970046,0.865764216248091,-0.87730925747966,0.0302845454938522,1.02691846270952
"Zfp354c(+)",2.2967040066814,-0.798388946971987,-0.645743714848231,-0.579176066285024,0.490270171244128,-0.809156711242068,-0.578143103034654,0.733362725091607,-0.37013488089425,1.66471742274752,-0.447773394175214,-0.508758368233232,-0.447779140079989
"Zfp398(+)",-0.194526623730947,-0.662165282248214,-0.708303817045581,-0.0785643731774532,-0.166830891765919,0.656757012593013,2.78154810209247,-0.586298349705078,-0.978015981489685,-0.356712685771226,0.826651645006165,-0.798966714213243,0.265427959455702
"Zfp407(+)",-0.316326758831224,0.201651335772806,0.429554938999933,-0.222819934531436,0.842971844902027,-0.392728776858539,-2.74258924377795,0.255623143786908,1.22105590572269,-0.255970107001335,-0.556490628076257,1.02022321229789,0.515845067594485
"Zfp518a(+)",0.994284558811946,-1.06860553480174,-0.655323271390233,-1.03735825784183,-0.144178756521066,0.725324565271226,2.08820624088879,0.142471992248137,-1.26419083550181,0.771345267186251,0.0513445198235179,-1.02910330538521,0.42578281721203
"Zfp579(+)",2.32948419366971,-0.329698107829174,-0.563092723013392,-0.563092723013392,-0.563092723013392,-0.563092723013392,0.121433784796709,-0.563092723013392,-0.563092723013392,1.92418184371391,0.459340069755985,-0.563092723013392,-0.563092723013392
"Zfp580(+)",-0.145258351874984,-0.316792705362834,-0.378165335035172,-0.130457995047409,-0.365185873494655,-0.138448960498238,-0.314486836743441,-0.26100580100427,-0.337595124821002,3.31370772911864,-0.376886402660142,-0.350054561408636,-0.199369781167856
"Zfp607a(+)",1.5585923416464,-0.548680486670696,-0.4241676583432,-0.591089832255713,1.99031767404897,-0.432645008642709,-0.43764083723314,1.6788689114743,-0.591089832255713,-0.429195775001364,-0.591089832255713,-0.591089832255713,-0.591089832255713
"Zfp651(+)",2.39352692879117,-0.41245777754117,-0.541413930267927,-0.541413930267927,1.97320726673116,-0.541413930267927,-0.357449852625319,-0.541413930267927,-0.541413930267927,0.0292725344947398,0.163798412024901,-0.541413930267927,-0.541413930267927
"Zfp709(+)",0.761392332701463,-0.472409956401267,-0.663687387072582,-0.666658398062591,0.0506030581275581,2.76788708325784,0.498624590358131,0.740455383695923,-0.66852034805318,-0.499188745088526,-0.511456917356411,-0.66852034805318,-0.66852034805318
"Zfp738(+)",2.65704852739591,-0.888929623267138,-0.603922249562468,-0.545646939732851,0.226525700137853,-0.346115272281922,1.19626163328311,-0.264121906436203,-0.816126553078231,0.254451205980411,0.136351601537522,-1.03219898122375,0.0264228572477633
"Zfp777(+)",2.70357776695929,-0.0996882978987135,0.212112395778817,-0.854076543150664,0.0475369780595481,0.262731337295129,0.439038982700056,0.841931289571843,-0.860909422046921,-0.511008672446396,-0.249247158121464,-0.929450731732773,-1.00254792496775
"Zfp790(+)",2.91196504971913,-0.573321356825203,-0.700480429610445,-0.314288940957879,-0.611250615219939,0.738250743232933,0.435711363276274,0.342347786387449,-0.538401919467062,0.0333662174926645,-0.322937038807036,-0.700480429610445,-0.700480429610445
"Zfp81(+)",0.510319528839293,-0.410844199009749,-0.40272215084592,-0.412245798166928,3.2086474261158,-0.403584816726233,-0.36300194619369,0.0131842941997564,-0.412245798166928,-0.173872960669763,-0.329141983041778,-0.412245798166928,-0.412245798166928
"Zfp874b(+)",2.20227464343556,-0.617743654005427,-0.617743654005427,-0.617743654005427,0.139770603035897,-0.558115375637297,0.118759458462054,2.10464641615971,-0.617743654005427,-0.00828981389976887,-0.292584007523585,-0.617743654005427,-0.617743654005427
"Zfp90(+)",-0.277366191277801,-0.475144257911133,-0.297274453090015,-0.0242733149675452,3.08865437218265,-0.585271311238521,-0.57382749678386,-0.0889783511824099,-0.49734435478426,-0.439341646632363,-0.106429199068232,-0.532100570006596,0.808696774760087
